Name-Type,Name,Type,URL,Campaign,Region Mismatch,Actual Region,Wiki Region,Experience,Gold,Faction,Faction Type,"Base Reward 
(Zaishen Copper Coins)","First Bonus Reward
(Zaishen Copper Coins)","Second Bonus Reward (HM)
(Zaishen Copper Coins)",Total Zaishen Copper Coints
Lord Khobay-Bounty,Lord Khobay,Bounty,https://wiki.guildwars.com/wiki/Lord_Khobay_(Zaishen_quest),Core,TRUE,Fissure of Woe,Fissure of Woe,"10,000","1,500",,,40,,100,140
Priest of Menzies-Bounty,Priest of Menzies,Bounty,https://wiki.guildwars.com/wiki/Priest_of_Menzies_(Zaishen_quest),Core,TRUE,Fissure of Woe,Fissure of Woe,"5,000","1,000",,,30,,75,105
Dragon Lich-Bounty,Dragon Lich,Bounty,https://wiki.guildwars.com/wiki/Dragon_Lich_(Zaishen_quest),Core,TRUE,Fissure of Woe,Fissure of Woe,"5,000","1,000",,,30,,75,105
The Four Horsemen-Bounty,The Four Horsemen,Bounty,https://wiki.guildwars.com/wiki/The_Four_Horsemen_(Zaishen_quest),Core,TRUE,Underworld,Underworld,"15,000","2,000",,,60,,150,210
Vengeful Aatxe-Bounty,Vengeful Aatxe,Bounty,https://wiki.guildwars.com/wiki/Vengeful_Aatxe_(Zaishen_quest),Core,TRUE,Underworld,Underworld,"10,000","1,500",,,40,,100,140
Charged Blackness-Bounty,Charged Blackness,Bounty,https://wiki.guildwars.com/wiki/Charged_Blackness_(Zaishen_quest),Core,TRUE,Underworld,Underworld,"10,000","1,500",,,40,,100,140
Rragar Maneater-Bounty,Rragar Maneater,Bounty,https://wiki.guildwars.com/wiki/Rragar_Maneater_(Zaishen_quest),Eye of the North,FALSE,Charr Homelands,Depths of Tyria,"10,000","1,500","2,500",Vanguard reputation points,40,,100,140
"Ilsundur, Lord of Fire-Bounty","Ilsundur, Lord of Fire",Bounty,"https://wiki.guildwars.com/wiki/Ilsundur,_Lord_of_Fire_(Zaishen_quest)",Eye of the North,FALSE,Charr Homelands,Depths of Tyria,"10,000","1,500","2,500",Vanguard reputation points,40,,100,140
"Murakai, Lady of the Night-Bounty","Murakai, Lady of the Night",Bounty,"https://wiki.guildwars.com/wiki/Murakai,_Lady_of_the_Night_(Zaishen_quest)",Eye of the North,FALSE,Charr Homelands,Depths of Tyria,"10,000","1,500","2,500",Vanguard reputation points,40,,100,140
Borrguus Blisterbark-Bounty,Borrguus Blisterbark,Bounty,https://wiki.guildwars.com/wiki/Borrguus_Blisterbark_(Zaishen_quest),Eye of the North,TRUE,Charr Homelands,Charr Homelands,"5,000","1,000","1,250",Vanguard reputation points,30,,75,105
Fozzy Yeoryios-Bounty,Fozzy Yeoryios,Bounty,https://wiki.guildwars.com/wiki/Fozzy_Yeoryios_(Zaishen_quest),Eye of the North,TRUE,Charr Homelands,Charr Homelands,"5,000","1,000","1,250",Vanguard reputation points,30,,75,105
Prismatic Ooze-Bounty,Prismatic Ooze,Bounty,https://wiki.guildwars.com/wiki/Prismatic_Ooze_(Zaishen_quest),Eye of the North,FALSE,Charr Homelands,Depths of Tyria,"10,000","1,500","2,500",Dwarf reputation points,30,,75,105
Molotov Rocktail-Bounty,Molotov Rocktail,Bounty,https://wiki.guildwars.com/wiki/Molotov_Rocktail_(Zaishen_quest),Eye of the North,TRUE,Charr Homelands,Charr Homelands,"5,000","1,000","1,250",Vanguard reputation points,30,,75,105
Duncan the Black-Bounty,Duncan the Black,Bounty,https://wiki.guildwars.com/wiki/Duncan_the_Black_(Zaishen_quest),Eye of the North,TRUE,Depths of Tyria,Depths of Tyria,"15,000","2,000","3,750",Dwarf reputation points,60,,150,210
Selvetarm-Bounty,Selvetarm,Bounty,https://wiki.guildwars.com/wiki/Selvetarm_(Zaishen_quest),Eye of the North,TRUE,Depths of Tyria,Depths of Tyria,"10,000","1,500","2,500",Dwarf reputation points,40,,100,140
Forgewight-Bounty,Forgewight,Bounty,https://wiki.guildwars.com/wiki/Forgewight_(Zaishen_quest),Eye of the North,TRUE,Depths of Tyria,Depths of Tyria,"10,000","1,500","2,500",Dwarf reputation points,40,,100,140
Magmus-Bounty,Magmus,Bounty,https://wiki.guildwars.com/wiki/Magmus_(Zaishen_quest),Eye of the North,TRUE,Depths of Tyria,Depths of Tyria,"10,000","1,500","2,500",Dwarf reputation points,40,,100,140
Justiciar Thommis-Bounty,Justiciar Thommis,Bounty,https://wiki.guildwars.com/wiki/Justiciar_Thommis_(Zaishen_quest),Eye of the North,TRUE,Depths of Tyria,Depths of Tyria,"10,000","1,500","2,500",Dwarf reputation points,40,,100,140
Rand Stormweaver-Bounty,Rand Stormweaver,Bounty,https://wiki.guildwars.com/wiki/Rand_Stormweaver_(Zaishen_quest),Eye of the North,TRUE,Depths of Tyria,Depths of Tyria,"10,000","1,500","2,500",Dwarf reputation points,40,,100,140
Frostmaw the Kinslayer-Bounty,Frostmaw the Kinslayer,Bounty,https://wiki.guildwars.com/wiki/Frostmaw_the_Kinslayer_(Zaishen_quest),Eye of the North,FALSE,Far Shiverpeaks,Depths of Tyria,"10,000","1,500","2,500",Norn reputation points,40,,100,140
Plague of Destruction-Bounty,Plague of Destruction,Bounty,https://wiki.guildwars.com/wiki/Plague_of_Destruction_(Zaishen_quest),Eye of the North,FALSE,Far Shiverpeaks,Depths of Tyria,"10,000","1,500","2,500",Norn reputation points,40,,100,140
Remnant of Antiquities-Bounty,Remnant of Antiquities,Bounty,https://wiki.guildwars.com/wiki/Remnant_of_Antiquities_(Zaishen_quest),Eye of the North,FALSE,Far Shiverpeaks,Depths of Tyria,"10,000","1,500","2,500",Dwarf reputation points,40,,100,140
Havok Soulwail-Bounty,Havok Soulwail,Bounty,https://wiki.guildwars.com/wiki/Havok_Soulwail_(Zaishen_quest),Eye of the North,FALSE,Far Shiverpeaks,Depths of Tyria,"10,000","1,500","2,500",Norn reputation points,40,,100,140
"Nulfastu, Earthbound-Bounty","Nulfastu, Earthbound",Bounty,"https://wiki.guildwars.com/wiki/Nulfastu,_Earthbound_(Zaishen_quest)",Eye of the North,TRUE,Far Shiverpeaks,Far Shiverpeaks,"5,000","1,000","1,250",Norn reputation points,30,,75,105
Fronis Irontoe-Bounty,Fronis Irontoe,Bounty,https://wiki.guildwars.com/wiki/Fronis_Irontoe_(Zaishen_quest),Eye of the North,FALSE,Far Shiverpeaks,Depths of Tyria,"1,000",500,500,Dwarf reputation points,20,,50,70
Fenrir-Bounty,Fenrir,Bounty,https://wiki.guildwars.com/wiki/Fenrir_(Zaishen_quest),Eye of the North,TRUE,Far Shiverpeaks,Far Shiverpeaks,"1,000",500,500,Norn reputation points,20,,50,70
"Myish, Lady of the Lake-Bounty","Myish, Lady of the Lake",Bounty,"https://wiki.guildwars.com/wiki/Myish,_Lady_of_the_Lake_(Zaishen_quest)",Eye of the North,TRUE,Far Shiverpeaks,Far Shiverpeaks,"1,000",500,500,Norn reputation points,20,,50,70
Eldritch Ettin-Bounty,Eldritch Ettin,Bounty,https://wiki.guildwars.com/wiki/Eldritch_Ettin_(Zaishen_quest),Eye of the North,FALSE,Tarnished Coast,Depths of Tyria,"10,000","1,500","2,500",Dwarf reputation points,40,,100,140
Zoldark the Unholy-Bounty,Zoldark the Unholy,Bounty,https://wiki.guildwars.com/wiki/Zoldark_the_Unholy_(Zaishen_quest),Eye of the North,FALSE,Tarnished Coast,Depths of Tyria,"10,000","1,500","2,500",Dwarf reputation points,40,,100,140
Z'him Monns-Bounty,Z'him Monns,Bounty,https://wiki.guildwars.com/wiki/Z%27him_Monns_(Zaishen_quest),Eye of the North,FALSE,Tarnished Coast,Depths of Tyria,"10,000","1,500","2,500",Asura reputation points,40,,100,140
TPS Regulator Golem-Bounty,TPS Regulator Golem,Bounty,https://wiki.guildwars.com/wiki/TPS_Regulator_Golem_(Zaishen_quest),Eye of the North,FALSE,Tarnished Coast,Depths of Tyria,"10,000","1,500","2,500",Asura reputation points,40,,100,140
Arachni-Bounty,Arachni,Bounty,https://wiki.guildwars.com/wiki/Arachni_(Zaishen_quest),Eye of the North,FALSE,Tarnished Coast,Depths of Tyria,"10,000","1,500","2,500",Asura reputation points,40,,100,140
Fendi Nin-Bounty,Fendi Nin,Bounty,https://wiki.guildwars.com/wiki/Fendi_Nin_(Zaishen_quest),Eye of the North,FALSE,Tarnished Coast,Depths of Tyria,"10,000","1,500","2,500",Asura reputation points,40,,100,140
Khabuus-Bounty,Khabuus,Bounty,https://wiki.guildwars.com/wiki/Khabuus_(Zaishen_quest),Eye of the North,FALSE,Tarnished Coast,Depths of Tyria,"10,000","1,500","2,500",Asura reputation points,40,,100,140
"Mobrin, Lord of the Marsh-Bounty","Mobrin, Lord of the Marsh",Bounty,"https://wiki.guildwars.com/wiki/Mobrin,_Lord_of_the_Marsh_(Zaishen_quest)",Eye of the North,TRUE,Tarnished Coast,Tarnished Coast,"5,000","1,000","1,250",Asura reputation points,30,,75,105
Joffs the Mitigator-Bounty,Joffs the Mitigator,Bounty,https://wiki.guildwars.com/wiki/Joffs_the_Mitigator_(Zaishen_quest),Eye of the North,TRUE,Tarnished Coast,Tarnished Coast,"1,000",500,500,Asura reputation points,20,,50,70
Pywatt the Swift-Bounty,Pywatt the Swift,Bounty,https://wiki.guildwars.com/wiki/Pywatt_the_Swift_(Zaishen_quest),Eye of the North,TRUE,Tarnished Coast,Tarnished Coast,"1,000",500,500,Asura reputation points,20,,50,70
Urgoz-Bounty,Urgoz,Bounty,https://wiki.guildwars.com/wiki/Urgoz_(Zaishen_quest),Factions,TRUE,Echovald Forest,Echovald Forest,"15,000","2,000","7,500",Kurzick faction,60,,150,210
Arbor Earthcall-Bounty,Arbor Earthcall,Bounty,https://wiki.guildwars.com/wiki/Arbor_Earthcall_(Zaishen_quest),Factions,TRUE,Echovald Forest,Echovald Forest,"1,000",500,500,Kurzick Faction,20,,50,70
Mungri Magicbox-Bounty,Mungri Magicbox,Bounty,https://wiki.guildwars.com/wiki/Mungri_Magicbox_(Zaishen_quest),Factions,TRUE,Echovald Forest,Echovald Forest,"1,000",500,500,Kurzick Faction,20,,50,70
Royen Beastkeeper-Bounty,Royen Beastkeeper,Bounty,https://wiki.guildwars.com/wiki/Royen_Beastkeeper_(Zaishen_quest),Factions,TRUE,Kaineng City,Kaineng City,"1,000",500,,,20,,50,70
Baubao Wavewrath-Bounty,Baubao Wavewrath,Bounty,https://wiki.guildwars.com/wiki/Baubao_Wavewrath_(Zaishen_quest),Factions,TRUE,Kaineng City,Kaineng City,"1,000",500,,,20,,50,70
"Chung, the Attuned-Bounty","Chung, the Attuned",Bounty,"https://wiki.guildwars.com/wiki/Chung,_the_Attuned_(Zaishen_quest)",Factions,TRUE,Kaineng City,Kaineng City,"1,000",500,,,20,,50,70
Quansong Spiritspeak-Bounty,Quansong Spiritspeak,Bounty,https://wiki.guildwars.com/wiki/Quansong_Spiritspeak_(Zaishen_quest),Factions,TRUE,Kaineng City,Kaineng City,"1,000",500,,,20,,50,70
Ghial the Bone Dancer-Bounty,Ghial the Bone Dancer,Bounty,https://wiki.guildwars.com/wiki/Ghial_the_Bone_Dancer_(Zaishen_quest),Factions,TRUE,Kaineng City,Kaineng City,"1,000",500,,,20,,50,70
Kanaxai-Bounty,Kanaxai,Bounty,https://wiki.guildwars.com/wiki/Kanaxai_(Zaishen_quest),Factions,TRUE,The Jade Sea,The Jade Sea,"15,000","2,000","7,500",Luxon Faction,60,,150,210
Mohby Windbeak-Bounty,Mohby Windbeak,Bounty,https://wiki.guildwars.com/wiki/Mohby_Windbeak_(Zaishen_quest),Factions,TRUE,The Jade Sea,The Jade Sea,"1,000",500,500,Luxon Faction,20,,50,70
Kunvie Firewing-Bounty,Kunvie Firewing,Bounty,https://wiki.guildwars.com/wiki/Kunvie_Firewing_(Zaishen_quest),Factions,TRUE,The Jade Sea,The Jade Sea,"1,000",500,500,Both Kurzick Faction and Luxon Faction,20,,50,70
"Ssuns, Blessed of Dwayna-Bounty","Ssuns, Blessed of Dwayna",Bounty,"https://wiki.guildwars.com/wiki/Ssuns,_Blessed_of_Dwayna_(Zaishen_quest)",Factions,TRUE,The Jade Sea,The Jade Sea,"1,000",500,500,Luxon Faction,20,,50,70
"Droajam, Mage of the Sands-Bounty","Droajam, Mage of the Sands",Bounty,"https://wiki.guildwars.com/wiki/Droajam,_Mage_of_the_Sands_(Zaishen_quest)",Nightfall,TRUE,Desolation,Desolation,"1,000",500,100,Lightbringer Points,20,,50,70
Jedeh the Mighty-Bounty,Jedeh the Mighty,Bounty,https://wiki.guildwars.com/wiki/Jedeh_the_Mighty_(Zaishen_quest),Nightfall,TRUE,Desolation,Desolation,"1,000",500,100,Sunspear Promotion Points,20,,50,70
The Greater Darkness-Bounty,The Greater Darkness,Bounty,https://wiki.guildwars.com/wiki/The_Greater_Darkness_(Zaishen_quest),Nightfall,TRUE,Domain of Anguish,Domain of Anguish,"15,000","2,000",750,Lightbringer Points,60,,150,210
Lord Jadoth-Bounty,Lord Jadoth,Bounty,https://wiki.guildwars.com/wiki/Lord_Jadoth_(Zaishen_quest),Nightfall,TRUE,Domain of Anguish,Domain of Anguish,"15,000","2,000",750,Lightbringer Points,60,,150,210
The Black Beast of Arrgh-Bounty,The Black Beast of Arrgh,Bounty,https://wiki.guildwars.com/wiki/The_Black_Beast_of_Arrgh_(Zaishen_quest),Nightfall,TRUE,Domain of Anguish,Domain of Anguish,"15,000","2,000",750,Lightbringer Points,60,,150,210
The Stygian Lords-Bounty,The Stygian Lords,Bounty,https://wiki.guildwars.com/wiki/The_Stygian_Lords_(Zaishen_quest),Nightfall,TRUE,Domain of Anguish,Domain of Anguish,"10,000","1,500",500,Lightbringer Points,40,,100,140
The Stygian Underlords-Bounty,The Stygian Underlords,Bounty,https://wiki.guildwars.com/wiki/The_Stygian_Underlords_(Zaishen_quest),Nightfall,TRUE,Domain of Anguish,Domain of Anguish,"5,000","1,000",300,Lightbringer Points,30,,75,105
Admiral Kantoh-Bounty,Admiral Kantoh,Bounty,https://wiki.guildwars.com/wiki/Admiral_Kantoh_(Zaishen_quest),Nightfall,TRUE,Kourna,Kourna,"1,000",500,100,Sunspear Promotion Points,20,,50,70
Commander Wahli-Bounty,Commander Wahli,Bounty,https://wiki.guildwars.com/wiki/Commander_Wahli_(Zaishen_quest),Nightfall,TRUE,Kourna,Kourna,"1,000",500,100,Sunspear Promotion Points,20,,50,70
Korshek the Immolated-Bounty,Korshek the Immolated,Bounty,https://wiki.guildwars.com/wiki/Korshek_the_Immolated_(Zaishen_quest),Nightfall,TRUE,Vabbi,Vabbi,"1,000",500,100,Lightbringer Points,20,,50,70
Jarimiya the Unmerciful-Bounty,Jarimiya the Unmerciful,Bounty,https://wiki.guildwars.com/wiki/Jarimiya_the_Unmerciful_(Zaishen_quest),Nightfall,TRUE,Vabbi,Vabbi,"1,000",500,100,Sunspear Promotion Points,20,,50,70
Kepkhet Marrowfeast-Bounty,Kepkhet Marrowfeast,Bounty,https://wiki.guildwars.com/wiki/Kepkhet_Marrowfeast_(Zaishen_quest),Prophecies,TRUE,Crystal Desert,Crystal Desert,"1,000",500,,,20,,50,70
Rotscale-Bounty,Rotscale,Bounty,https://wiki.guildwars.com/wiki/Rotscale_(Zaishen_quest),Prophecies,TRUE,Kryta,Kryta,"5,000","1,000",,,30,,75,105
Verata-Bounty,Verata,Bounty,https://wiki.guildwars.com/wiki/Verata_(Zaishen_quest),Prophecies,TRUE,Kryta,Kryta,"1,000",500,,,20,,50,70
Harn and Maxine Coldstone-Bounty,Harn and Maxine Coldstone,Bounty,https://wiki.guildwars.com/wiki/Harn_and_Maxine_Coldstone_(Zaishen_quest),Prophecies,TRUE,Ring of Fire Islands,Ring of Fire Islands,"1,000",500,,,20,,50,70
The Iron Forgeman-Bounty,The Iron Forgeman,Bounty,https://wiki.guildwars.com/wiki/The_Iron_Forgeman_(Zaishen_quest),Prophecies,TRUE,Southern Shiverpeaks,Southern Shiverpeaks,"5,000","1,000",,,30,,75,105
The Darknesses-Bounty,The Darknesses,Bounty,https://wiki.guildwars.com/wiki/The_Darknesses_(Zaishen_quest),Prophecies,TRUE,The Mists,The Mists,"10,000","1,500",,,40,,100,140
Heroes' Ascent-Combat,Heroes' Ascent,Combat,https://wiki.guildwars.com/wiki/Heroes%27_Ascent_(Zaishen_quest),Core,TRUE,PvP,PvP,0,"1,500","9,000",Balthazar Faction,50,100,200,350
Guild Versus Guild-Combat,Guild Versus Guild,Combat,https://wiki.guildwars.com/wiki/Guild_Versus_Guild_(Zaishen_quest),Core,TRUE,PvP,PvP,0,"1,500","9,000",Balthazar Faction,50,100,200,350
Codex Arena-Combat,Codex Arena,Combat,https://wiki.guildwars.com/wiki/Codex_Arena_(Zaishen_quest),Core,TRUE,PvP,PvP,0,"1,000","6,000",Balthazar Faction,25,50,100,175
Random Arena-Combat,Random Arena,Combat,https://wiki.guildwars.com/wiki/Random_Arena_(Zaishen_quest),Core,TRUE,PvP,PvP,0,500,"3,000",Balthazar Faction,15,30,60,105
Alliance Battles-Combat,Alliance Battles,Combat,https://wiki.guildwars.com/wiki/Alliance_Battles_(Zaishen_quest),Factions,TRUE,PvP,PvP,0,"1,000","7,500",Imperial Faction,25,50,100,175
Jade Quarry-Combat,Jade Quarry,Combat,https://wiki.guildwars.com/wiki/Jade_Quarry_(Zaishen_quest),Factions,TRUE,PvP,PvP,0,500,"5,000",Imperial Faction,15,30,60,105
Fort Aspenwood-Combat,Fort Aspenwood,Combat,https://wiki.guildwars.com/wiki/Fort_Aspenwood_(Zaishen_quest),Factions,TRUE,PvP,PvP,0,500,"5,000",Imperial Faction,15,30,60,105
Assault on the Stronghold-Mission,Assault on the Stronghold,Mission,https://wiki.guildwars.com/wiki/Assault_on_the_Stronghold_(Zaishen_quest),Eye of the North,TRUE,Charr Homelands,Charr Homelands,"5,000","1,000","2,500",Vanguard reputation points,40,,100,140
Against the Charr-Mission,Against the Charr,Mission,https://wiki.guildwars.com/wiki/Against_the_Charr_(Zaishen_quest),Eye of the North,TRUE,Charr Homelands,Charr Homelands,"3,000",500,"1,500",Vanguard reputation points,30,,75,105
Warband of Brothers-Mission,Warband of Brothers,Mission,https://wiki.guildwars.com/wiki/Warband_of_Brothers_(Zaishen_quest),Eye of the North,TRUE,Charr Homelands,Charr Homelands,"3,000",500,"1,500",Vanguard reputation points,30,,75,105
A Time for Heroes-Mission,A Time for Heroes,Mission,https://wiki.guildwars.com/wiki/A_Time_for_Heroes_(Zaishen_quest),Eye of the North,TRUE,Depths of Tyria,Depths of Tyria,"5,000","1,000","2,500",Dwarf reputation points,40,,100,140
Destruction's Depths-Mission,Destruction's Depths,Mission,https://wiki.guildwars.com/wiki/Destruction%27s_Depths_(Zaishen_quest),Eye of the North,TRUE,Depths of Tyria,Depths of Tyria,"5,000","1,000","2,500",Dwarf reputation points,40,,100,140
A Gate Too Far-Mission,A Gate Too Far,Mission,https://wiki.guildwars.com/wiki/A_Gate_Too_Far_(Zaishen_quest),Eye of the North,TRUE,Far Shiverpeaks,Far Shiverpeaks,"5,000","1,000","2,500",Norn reputation points,40,,100,140
Curse of the Nornbear-Mission,Curse of the Nornbear,Mission,https://wiki.guildwars.com/wiki/Curse_of_the_Nornbear_(Zaishen_quest),Eye of the North,TRUE,Far Shiverpeaks,Far Shiverpeaks,"3,000",500,"1,500",Norn reputation points,30,,75,105
Blood Washes Blood-Mission,Blood Washes Blood,Mission,https://wiki.guildwars.com/wiki/Blood_Washes_Blood_(Zaishen_quest),Eye of the North,TRUE,Far Shiverpeaks,Far Shiverpeaks,"3,000",500,"1,500",Norn reputation points,30,,75,105
G.O.L.E.M.-Mission,G.O.L.E.M.,Mission,https://wiki.guildwars.com/wiki/G.O.L.E.M._(Zaishen_quest),Eye of the North,TRUE,Tarnished Coast,Tarnished Coast,"5,000","1,000","2,500",Asura reputation points,40,,100,140
Finding the Bloodstone-Mission,Finding the Bloodstone,Mission,https://wiki.guildwars.com/wiki/Finding_the_Bloodstone_(Zaishen_quest),Eye of the North,TRUE,Tarnished Coast,Tarnished Coast,"3,000",500,"1,500",Asura reputation points,30,,75,105
The Elusive Golemancer-Mission,The Elusive Golemancer,Mission,https://wiki.guildwars.com/wiki/The_Elusive_Golemancer_(Zaishen_quest),Eye of the North,TRUE,Tarnished Coast,Tarnished Coast,"3,000",500,"1,500",Asura reputation points,30,,75,105
The Eternal Grove-Mission,The Eternal Grove,Mission,https://wiki.guildwars.com/wiki/The_Eternal_Grove_(Zaishen_quest),Factions,TRUE,Echovald Forest,Echovald Forest,"5,000","1,000","2,500",Kurzick Faction,30,45,75,150
Arborstone-Mission,Arborstone,Mission,https://wiki.guildwars.com/wiki/Arborstone_(Zaishen_quest),Factions,TRUE,Echovald Forest,Echovald Forest,"5,000","1,000","2,500",Kurzick Faction,30,45,75,150
Raisu Palace-Mission,Raisu Palace,Mission,https://wiki.guildwars.com/wiki/Raisu_Palace_(Zaishen_quest),Factions,TRUE,Kaineng City,Kaineng City,"5,000","1,000",,,30,45,75,150
Imperial Sanctum-Mission,Imperial Sanctum,Mission,https://wiki.guildwars.com/wiki/Imperial_Sanctum_(Zaishen_quest),Factions,TRUE,Kaineng City,Kaineng City,"5,000","1,000",,,30,45,75,150
Sunjiang District-Mission,Sunjiang District,Mission,https://wiki.guildwars.com/wiki/Sunjiang_District_(Zaishen_quest),Factions,TRUE,Kaineng City,Kaineng City,"5,000","1,000",,,30,45,75,150
Tahnnakai Temple-Mission,Tahnnakai Temple,Mission,https://wiki.guildwars.com/wiki/Tahnnakai_Temple_(Zaishen_quest),Factions,TRUE,Kaineng City,Kaineng City,"3,000",500,,,20,30,50,100
Nahpui Quarter-Mission,Nahpui Quarter,Mission,https://wiki.guildwars.com/wiki/Nahpui_Quarter_(Zaishen_quest),Factions,TRUE,Kaineng City,Kaineng City,"3,000",500,,,20,30,50,100
Vizunah Square-Mission,Vizunah Square,Mission,https://wiki.guildwars.com/wiki/Vizunah_Square_(Zaishen_quest),Factions,TRUE,Kaineng City,Kaineng City,"3,000",500,,,20,30,50,100
Zen Daijun-Mission,Zen Daijun,Mission,https://wiki.guildwars.com/wiki/Zen_Daijun_(Zaishen_quest),Factions,TRUE,Shing Jea Island,Shing Jea Island,"1,000",250,,,15,22,37,74
Minister Cho's Estate-Mission,Minister Cho's Estate,Mission,https://wiki.guildwars.com/wiki/Minister_Cho%27s_Estate_(Zaishen_quest),Factions,TRUE,Shing Jea Island,Shing Jea Island,"1,000",250,,,15,22,37,74
Unwaking Waters-Mission,Unwaking Waters,Mission,https://wiki.guildwars.com/wiki/Unwaking_Waters_(Zaishen_quest),Factions,TRUE,The Jade Sea,The Jade Sea,"5,000","1,000","2,500",Both Kurzick Faction and Luxon Faction,30,45,75,150
Boreas Seabed-Mission,Boreas Seabed,Mission,https://wiki.guildwars.com/wiki/Boreas_Seabed_(Zaishen_quest),Factions,TRUE,The Jade Sea,The Jade Sea,"5,000","1,000","2,500",Luxon Faction,30,45,75,150
Gyala Hatchery-Mission,Gyala Hatchery,Mission,https://wiki.guildwars.com/wiki/Gyala_Hatchery_(Zaishen_quest),Factions,TRUE,The Jade Sea,The Jade Sea,"5,000","1,000","2,500",Luxon Faction,30,45,75,150
Gate of Desolation-Mission,Gate of Desolation,Mission,https://wiki.guildwars.com/wiki/Gate_of_Desolation_(Zaishen_quest),Nightfall,TRUE,Desolation,Desolation,"5,000","1,000",500,Lightbringer points,30,45,75,150
Ruins of Morah-Mission,Ruins of Morah,Mission,https://wiki.guildwars.com/wiki/Ruins_of_Morah_(Zaishen_quest),Nightfall,TRUE,Desolation,Desolation,"5,000","1,000",500,Lightbringer Points,30,45,75,150
Blacktide Den-Mission,Blacktide Den,Mission,https://wiki.guildwars.com/wiki/Blacktide_Den_(Zaishen_quest),Nightfall,TRUE,Istan,Istan,"1,000",250,100,Sunspear Promotion Points,15,22,37,74
Chahbek Village-Mission,Chahbek Village,Mission,https://wiki.guildwars.com/wiki/Chahbek_Village_(Zaishen_quest),Nightfall,TRUE,Istan,Istan,"1,000",250,100,Sunspear Promotion Points,15,22,37,74
Jokanur Diggings-Mission,Jokanur Diggings,Mission,https://wiki.guildwars.com/wiki/Jokanur_Diggings_(Zaishen_quest),Nightfall,TRUE,Istan,Istan,"1,000",250,100,Sunspear Promotion Points,15,22,37,74
Nundu Bay-Mission,Nundu Bay,Mission,https://wiki.guildwars.com/wiki/Nundu_Bay_(Zaishen_quest),Nightfall,TRUE,Kourna,Kourna,"5,000","1,000",500,Lightbringer points,30,45,75,150
Pogahn Passage-Mission,Pogahn Passage,Mission,https://wiki.guildwars.com/wiki/Pogahn_Passage_(Zaishen_quest),Nightfall,TRUE,Kourna,Kourna,"5,000","1,000",500,Sunspear Promotion Points,30,45,75,150
Rilohn Refuge-Mission,Rilohn Refuge,Mission,https://wiki.guildwars.com/wiki/Rilohn_Refuge_(Zaishen_quest),Nightfall,TRUE,Kourna,Kourna,"3,000",500,300,Sunspear Promotion Points,20,30,50,100
Moddok Crevice-Mission,Moddok Crevice,Mission,https://wiki.guildwars.com/wiki/Moddok_Crevice_(Zaishen_quest),Nightfall,TRUE,Kourna,Kourna,"3,000",500,300,Sunspear Promotion Points,20,30,50,100
Venta Cemetery-Mission,Venta Cemetery,Mission,https://wiki.guildwars.com/wiki/Venta_Cemetery_(Zaishen_quest),Nightfall,TRUE,Kourna,Kourna,"3,000",500,300,Sunspear Promotion Points,20,30,50,100
Kodonur Crossroads-Mission,Kodonur Crossroads,Mission,https://wiki.guildwars.com/wiki/Kodonur_Crossroads_(Zaishen_quest),Nightfall,TRUE,Kourna,Kourna,"3,000",500,300,Sunspear Promotion Points,20,30,50,100
Consulate Docks-Mission,Consulate Docks,Mission,https://wiki.guildwars.com/wiki/Consulate_Docks_(Zaishen_quest),Nightfall,TRUE,Kourna,Kourna,"1,000",250,100,Sunspear Promotion Points,15,22,37,74
Gate of Madness-Mission,Gate of Madness,Mission,https://wiki.guildwars.com/wiki/Gate_of_Madness_(Zaishen_quest),Nightfall,TRUE,Realm of Torment,Realm of Torment,"5,000","1,000",500,Lightbringer Points,30,45,75,150
Gate of Pain-Mission,Gate of Pain,Mission,https://wiki.guildwars.com/wiki/Gate_of_Pain_(Zaishen_quest),Nightfall,TRUE,Realm of Torment,Realm of Torment,"5,000","1,000",500,Lightbringer points,30,45,75,150
Abaddon's Gate-Mission,Abaddon's Gate,Mission,https://wiki.guildwars.com/wiki/Abaddon%27s_Gate_(Zaishen_quest),Nightfall,TRUE,Realm of Torment,Realm of Torment,"5,000","1,000",500,Lightbringer Points,30,45,75,150
Grand Court of Sebelkeh-Mission,Grand Court of Sebelkeh,Mission,https://wiki.guildwars.com/wiki/Grand_Court_of_Sebelkeh_(Zaishen_quest),Nightfall,TRUE,Vabbi,Vabbi,"5,000","1,000",500,Lightbringer Points,30,45,75,150
Dasha Vestibule-Mission,Dasha Vestibule,Mission,https://wiki.guildwars.com/wiki/Dasha_Vestibule_(Zaishen_quest),Nightfall,TRUE,Vabbi,Vabbi,"5,000","1,000",500,Sunspear Promotion Points,30,45,75,150
Dzagonur Bastion-Mission,Dzagonur Bastion,Mission,https://wiki.guildwars.com/wiki/Dzagonur_Bastion_(Zaishen_quest),Nightfall,TRUE,Vabbi,Vabbi,"5,000","1,000",500,Sunspear Promotion Points,30,45,75,150
Jennur's Horde-Mission,Jennur's Horde,Mission,https://wiki.guildwars.com/wiki/Jennur%27s_Horde_(Zaishen_quest),Nightfall,TRUE,Vabbi,Vabbi,"5,000","1,000",500,Lightbringer Points,30,45,75,150
Tihark Orchard-Mission,Tihark Orchard,Mission,https://wiki.guildwars.com/wiki/Tihark_Orchard_(Zaishen_quest),Nightfall,TRUE,Vabbi,Vabbi,"3,000",500,300,Sunspear Promotion Points,20,30,50,100
The Great Northern Wall-Mission,The Great Northern Wall,Mission,https://wiki.guildwars.com/wiki/The_Great_Northern_Wall_(Zaishen_quest),Prophecies,TRUE,Ascalon,Ascalon,"1,000",250,,,15,22,37,74
Nolani Academy-Mission,Nolani Academy,Mission,https://wiki.guildwars.com/wiki/Nolani_Academy_(Zaishen_quest),Prophecies,TRUE,Ascalon,Ascalon,"1,000",250,,,15,22,37,74
Fort Ranik-Mission,Fort Ranik,Mission,https://wiki.guildwars.com/wiki/Fort_Ranik_(Zaishen_quest),Prophecies,TRUE,Ascalon,Ascalon,"1,000",250,,,15,22,37,74
Ruins of Surmia-Mission,Ruins of Surmia,Mission,https://wiki.guildwars.com/wiki/Ruins_of_Surmia_(Zaishen_quest),Prophecies,TRUE,Ascalon,Ascalon,"1,000",250,,,15,22,37,74
Augury Rock-Mission,Augury Rock,Mission,https://wiki.guildwars.com/wiki/Augury_Rock_(Zaishen_quest),Prophecies,TRUE,Crystal Desert,Crystal Desert,"3,000",500,,,20,30,50,100
Thirsty River-Mission,Thirsty River,Mission,https://wiki.guildwars.com/wiki/Thirsty_River_(Zaishen_quest),Prophecies,TRUE,Crystal Desert,Crystal Desert,"3,000",500,,,20,30,50,100
The Dragon's Lair-Mission,The Dragon's Lair,Mission,https://wiki.guildwars.com/wiki/The_Dragon%27s_Lair_(Zaishen_quest),Prophecies,TRUE,Crystal Desert,Crystal Desert,"3,000",500,,,20,30,50,100
Dunes of Despair-Mission,Dunes of Despair,Mission,https://wiki.guildwars.com/wiki/Dunes_of_Despair_(Zaishen_quest),Prophecies,TRUE,Crystal Desert,Crystal Desert,"3,000",500,,,20,30,50,100
Elona Reach-Mission,Elona Reach,Mission,https://wiki.guildwars.com/wiki/Elona_Reach_(Zaishen_quest),Prophecies,TRUE,Crystal Desert,Crystal Desert,"3,000",500,,,20,30,50,100
Divinity Coast-Mission,Divinity Coast,Mission,https://wiki.guildwars.com/wiki/Divinity_Coast_(Zaishen_quest),Prophecies,TRUE,Kryta,Kryta,"3,000",500,,,20,30,50,100
D'Alessio Seaboard-Mission,D'Alessio Seaboard,Mission,https://wiki.guildwars.com/wiki/D%27Alessio_Seaboard_(Zaishen_quest),Prophecies,TRUE,Kryta,Kryta,"3,000",500,,,20,30,50,100
Sanctum Cay-Mission,Sanctum Cay,Mission,https://wiki.guildwars.com/wiki/Sanctum_Cay_(Zaishen_quest),Prophecies,TRUE,Kryta,Kryta,"3,000",500,,,20,30,50,100
Riverside Province-Mission,Riverside Province,Mission,https://wiki.guildwars.com/wiki/Riverside_Province_(Zaishen_quest),Prophecies,TRUE,Kryta,Kryta,"3,000",500,,,20,30,50,100
Gates of Kryta-Mission,Gates of Kryta,Mission,https://wiki.guildwars.com/wiki/Gates_of_Kryta_(Zaishen_quest),Prophecies,TRUE,Kryta,Kryta,"1,000",250,,,15,22,37,74
The Wilds-Mission,The Wilds,Mission,https://wiki.guildwars.com/wiki/The_Wilds_(Zaishen_quest),Prophecies,TRUE,Maguuma Jungle,Maguuma Jungle,"3,000",500,,,20,30,50,100
Aurora Glade-Mission,Aurora Glade,Mission,https://wiki.guildwars.com/wiki/Aurora_Glade_(Zaishen_quest),Prophecies,TRUE,Maguuma Jungle,Maguuma Jungle,"3,000",500,,,20,30,50,100
Bloodstone Fen-Mission,Bloodstone Fen,Mission,https://wiki.guildwars.com/wiki/Bloodstone_Fen_(Zaishen_quest),Prophecies,TRUE,Maguuma Jungle,Maguuma Jungle,"3,000",500,,,20,30,50,100
Borlis Pass-Mission,Borlis Pass,Mission,https://wiki.guildwars.com/wiki/Borlis_Pass_(Zaishen_quest),Prophecies,TRUE,Northern Shiverpeaks,Northern Shiverpeaks,"1,000",250,,,15,22,37,74
The Frost Gate-Mission,The Frost Gate,Mission,https://wiki.guildwars.com/wiki/The_Frost_Gate_(Zaishen_quest),Prophecies,TRUE,Northern Shiverpeaks,Northern Shiverpeaks,"1,000",250,,,15,22,37,74
Abaddon's Mouth-Mission,Abaddon's Mouth,Mission,https://wiki.guildwars.com/wiki/Abaddon%27s_Mouth_(Zaishen_quest),Prophecies,TRUE,Ring of Fire Islands,Ring of Fire Islands,"5,000","1,000",,,30,45,75,150
Ring of Fire-Mission,Ring of Fire,Mission,https://wiki.guildwars.com/wiki/Ring_of_Fire_(Zaishen_quest),Prophecies,TRUE,Ring of Fire Islands,Ring of Fire Islands,"5,000","1,000",,,30,45,75,150
Hell's Precipice-Mission,Hell's Precipice,Mission,https://wiki.guildwars.com/wiki/Hell%27s_Precipice_(Zaishen_quest),Prophecies,TRUE,Ring of Fire Islands,Ring of Fire Islands,"5,000","1,000",,,30,45,75,150
Ice Caves of Sorrow-Mission,Ice Caves of Sorrow,Mission,https://wiki.guildwars.com/wiki/Ice_Caves_of_Sorrow_(Zaishen_quest),Prophecies,TRUE,Southern Shiverpeaks,Southern Shiverpeaks,"5,000","1,000",,,30,45,75,150
Thunderhead Keep-Mission,Thunderhead Keep,Mission,https://wiki.guildwars.com/wiki/Thunderhead_Keep_(Zaishen_quest),Prophecies,TRUE,Southern Shiverpeaks,Southern Shiverpeaks,"5,000","1,000",,,30,45,75,150
Iron Mines of Moladune-Mission,Iron Mines of Moladune,Mission,https://wiki.guildwars.com/wiki/Iron_Mines_of_Moladune_(Zaishen_quest),Prophecies,TRUE,Southern Shiverpeaks,Southern Shiverpeaks,"5,000","1,000",,,30,45,75,150
Sacnoth Valley-Vanquish,Sacnoth Valley,Vanquish,https://wiki.guildwars.com/wiki/Sacnoth_Valley_(Zaishen_vanquish),Eye of the North,TRUE,Charr Homelands,Charr Homelands,"15,000","2,000","5,000",Vanguard reputation points,250,,,250
Dalada Uplands-Vanquish,Dalada Uplands,Vanquish,https://wiki.guildwars.com/wiki/Dalada_Uplands_(Zaishen_vanquish),Eye of the North,TRUE,Charr Homelands,Charr Homelands,"15,000","2,000","5,000",Vanguard reputation points,250,,,250
Grothmar Wardowns-Vanquish,Grothmar Wardowns,Vanquish,https://wiki.guildwars.com/wiki/Grothmar_Wardowns_(Zaishen_vanquish),Eye of the North,TRUE,Charr Homelands,Charr Homelands,"10,000","1,500","3,500",Vanguard reputation points,150,,,150
Jaga Moraine-Vanquish,Jaga Moraine,Vanquish,https://wiki.guildwars.com/wiki/Jaga_Moraine_(Zaishen_vanquish),Eye of the North,TRUE,Far Shiverpeaks,Far Shiverpeaks,"15,000","2,000","5,000",Norn reputation points,250,,,250
Varajar Fells-Vanquish,Varajar Fells,Vanquish,https://wiki.guildwars.com/wiki/Varajar_Fells_(Zaishen_vanquish),Eye of the North,TRUE,Far Shiverpeaks,Far Shiverpeaks,"15,000","2,000","5,000",Norn reputation points,250,,,250
Drakkar Lake-Vanquish,Drakkar Lake,Vanquish,https://wiki.guildwars.com/wiki/Drakkar_Lake_(Zaishen_vanquish),Eye of the North,TRUE,Far Shiverpeaks,Far Shiverpeaks,"15,000","2,000","5,000",Norn reputation points,250,,,250
Ice Cliff Chasms-Vanquish,Ice Cliff Chasms,Vanquish,https://wiki.guildwars.com/wiki/Ice_Cliff_Chasms_(Zaishen_vanquish),Eye of the North,TRUE,Far Shiverpeaks,Far Shiverpeaks,"10,000","1,500","3,500",Norn reputation points,150,,,150
Norrhart Domains-Vanquish,Norrhart Domains,Vanquish,https://wiki.guildwars.com/wiki/Norrhart_Domains_(Zaishen_vanquish),Eye of the North,TRUE,Far Shiverpeaks,Far Shiverpeaks,"10,000","1,500","3,500",Norn reputation points,150,,,150
Bjora Marches-Vanquish,Bjora Marches,Vanquish,https://wiki.guildwars.com/wiki/Bjora_Marches_(Zaishen_vanquish),Eye of the North,TRUE,Far Shiverpeaks,Far Shiverpeaks,"10,000","1,500","3,500",Norn reputation points,150,,,150
Riven Earth-Vanquish,Riven Earth,Vanquish,https://wiki.guildwars.com/wiki/Riven_Earth_(Zaishen_vanquish),Eye of the North,TRUE,Tarnished Coast,Tarnished Coast,"15,000","2,000","5,000",Asura reputation points,250,,,250
Sparkfly Swamp-Vanquish,Sparkfly Swamp,Vanquish,https://wiki.guildwars.com/wiki/Sparkfly_Swamp_(Zaishen_vanquish),Eye of the North,TRUE,Tarnished Coast,Tarnished Coast,"15,000","2,000","5,000",Asura reputation points,250,,,250
Magus Stones-Vanquish,Magus Stones,Vanquish,https://wiki.guildwars.com/wiki/Magus_Stones_(Zaishen_vanquish),Eye of the North,TRUE,Tarnished Coast,Tarnished Coast,"15,000","2,000","5,000",Asura reputation points,250,,,250
Arbor Bay-Vanquish,Arbor Bay,Vanquish,https://wiki.guildwars.com/wiki/Arbor_Bay_(Zaishen_vanquish),Eye of the North,TRUE,Tarnished Coast,Tarnished Coast,"15,000","2,000","5,000",Asura reputation points,250,,,250
Verdant Cascades-Vanquish,Verdant Cascades,Vanquish,https://wiki.guildwars.com/wiki/Verdant_Cascades_(Zaishen_vanquish),Eye of the North,TRUE,Tarnished Coast,Tarnished Coast,"10,000","1,500","3,500",Asura reputation points,150,,,150
Alcazia Tangle-Vanquish,Alcazia Tangle,Vanquish,https://wiki.guildwars.com/wiki/Alcazia_Tangle_(Zaishen_vanquish),Eye of the North,TRUE,Tarnished Coast,Tarnished Coast,"10,000","1,500","5,000",Asura reputation points,150,,,150
Morostav Trail-Vanquish,Morostav Trail,Vanquish,https://wiki.guildwars.com/wiki/Morostav_Trail_(Zaishen_vanquish),Factions,TRUE,Echovald Forest,Echovald Forest,"15,000","2,000","10,000",Kurzick Faction,250,,,250
Ferndale-Vanquish,Ferndale,Vanquish,https://wiki.guildwars.com/wiki/Ferndale_(Zaishen_vanquish),Factions,TRUE,Echovald Forest,Echovald Forest,"15,000","2,000","10,000",Kurzick Faction,250,,,250
Mourning Veil Falls-Vanquish,Mourning Veil Falls,Vanquish,https://wiki.guildwars.com/wiki/Mourning_Veil_Falls_(Zaishen_vanquish),Factions,TRUE,Echovald Forest,Echovald Forest,"10,000","1,500","7,000",Kurzick Faction,150,,,150
The Eternal Grove-Vanquish,The Eternal Grove,Vanquish,https://wiki.guildwars.com/wiki/The_Eternal_Grove_(Zaishen_vanquish),Factions,TRUE,Echovald Forest,Echovald Forest,"10,000","1,500","7,000",Kurzick Faction,150,,,150
Melandru's Hope-Vanquish,Melandru's Hope,Vanquish,https://wiki.guildwars.com/wiki/Melandru%27s_Hope_(Zaishen_vanquish),Factions,TRUE,Echovald Forest,Echovald Forest,"10,000","1,500","7,000",Kurzick Faction,150,,,150
Arborstone-Vanquish,Arborstone,Vanquish,https://wiki.guildwars.com/wiki/Arborstone_(Zaishen_vanquish),Factions,TRUE,Echovald Forest,Echovald Forest,"10,000","1,500","7,000",Kurzick Faction,150,,,150
Drazach Thicket-Vanquish,Drazach Thicket,Vanquish,https://wiki.guildwars.com/wiki/Drazach_Thicket_(Zaishen_vanquish),Factions,TRUE,Echovald Forest,Echovald Forest,"10,000","1,500","7,000",Kurzick Faction,150,,,150
Pongmei Valley-Vanquish,Pongmei Valley,Vanquish,https://wiki.guildwars.com/wiki/Pongmei_Valley_(Zaishen_vanquish),Factions,TRUE,Kaineng City,Kaineng City,"10,000","1,500",,,150,,,150
Raisu Palace-Vanquish,Raisu Palace,Vanquish,https://wiki.guildwars.com/wiki/Raisu_Palace_(Zaishen_vanquish),Factions,TRUE,Kaineng City,Kaineng City,"10,000","1,500",,,150,,,150
Shenzun Tunnels-Vanquish,Shenzun Tunnels,Vanquish,https://wiki.guildwars.com/wiki/Shenzun_Tunnels_(Zaishen_vanquish),Factions,TRUE,Kaineng City,Kaineng City,"10,000","1,500",,,150,,,150
Sunjiang District-Vanquish,Sunjiang District,Vanquish,https://wiki.guildwars.com/wiki/Sunjiang_District_(Zaishen_vanquish),Factions,TRUE,Kaineng City,Kaineng City,"10,000","1,500",,,150,,,150
Tahnnakai Temple-Vanquish,Tahnnakai Temple,Vanquish,https://wiki.guildwars.com/wiki/Tahnnakai_Temple_(Zaishen_vanquish),Factions,TRUE,Kaineng City,Kaineng City,"10,000","1,500",,,150,,,150
Wajjun Bazaar-Vanquish,Wajjun Bazaar,Vanquish,https://wiki.guildwars.com/wiki/Wajjun_Bazaar_(Zaishen_vanquish),Factions,TRUE,Kaineng City,Kaineng City,"10,000","1,500",,,150,,,150
Xaquang Skyway-Vanquish,Xaquang Skyway,Vanquish,https://wiki.guildwars.com/wiki/Xaquang_Skyway_(Zaishen_vanquish),Factions,TRUE,Kaineng City,Kaineng City,"10,000","1,500",,,150,,,150
Nahpui Quarter-Vanquish,Nahpui Quarter,Vanquish,https://wiki.guildwars.com/wiki/Nahpui_Quarter_(Zaishen_vanquish),Factions,TRUE,Kaineng City,Kaineng City,"10,000","1,500",,,150,,,150
Bukdek Byway-Vanquish,Bukdek Byway,Vanquish,https://wiki.guildwars.com/wiki/Bukdek_Byway_(Zaishen_vanquish),Factions,TRUE,Kaineng City,Kaineng City,"10,000","1,500",,,150,,,150
Shadow's Passage-Vanquish,Shadow's Passage,Vanquish,https://wiki.guildwars.com/wiki/Shadow%27s_Passage_(Zaishen_vanquish),Factions,TRUE,Kaineng City,Kaineng City,"5,000","1,000",,,50,,,50
Jaya Bluffs-Vanquish,Jaya Bluffs,Vanquish,https://wiki.guildwars.com/wiki/Jaya_Bluffs_(Zaishen_vanquish),Factions,TRUE,Shing Jea Island,Shing Jea Island,"10,000","1,500",,,150,,,150
Zen Daijun-Vanquish,Zen Daijun,Vanquish,https://wiki.guildwars.com/wiki/Zen_Daijun_(Zaishen_vanquish),Factions,TRUE,Shing Jea Island,Shing Jea Island,"10,000","1,500",,,150,,,150
Panjiang Peninsula-Vanquish,Panjiang Peninsula,Vanquish,https://wiki.guildwars.com/wiki/Panjiang_Peninsula_(Zaishen_vanquish),Factions,TRUE,Shing Jea Island,Shing Jea Island,"10,000","1,500",,,150,,,150
Haiju Lagoon-Vanquish,Haiju Lagoon,Vanquish,https://wiki.guildwars.com/wiki/Haiju_Lagoon_(Zaishen_vanquish),Factions,TRUE,Shing Jea Island,Shing Jea Island,"10,000","1,500",,,150,,,150
Kinya Province-Vanquish,Kinya Province,Vanquish,https://wiki.guildwars.com/wiki/Kinya_Province_(Zaishen_vanquish),Factions,TRUE,Shing Jea Island,Shing Jea Island,"5,000","1,000",,,50,,,50
Minister Cho's Estate-Vanquish,Minister Cho's Estate,Vanquish,https://wiki.guildwars.com/wiki/Minister_Cho%27s_Estate_(Zaishen_vanquish),Factions,TRUE,Shing Jea Island,Shing Jea Island,"5,000","1,000",,,50,,,50
Saoshang Trail-Vanquish,Saoshang Trail,Vanquish,https://wiki.guildwars.com/wiki/Saoshang_Trail_(Zaishen_vanquish),Factions,TRUE,Shing Jea Island,Shing Jea Island,"5,000","1,000",,,50,,,50
Sunqua Vale-Vanquish,Sunqua Vale,Vanquish,https://wiki.guildwars.com/wiki/Sunqua_Vale_(Zaishen_vanquish),Factions,TRUE,Shing Jea Island,Shing Jea Island,"5,000","1,000",,,50,,,50
Maishang Hills-Vanquish,Maishang Hills,Vanquish,https://wiki.guildwars.com/wiki/Maishang_Hills_(Zaishen_vanquish),Factions,TRUE,The Jade Sea,The Jade Sea,"10,000","1,500","7,000",Luxon Faction,150,,,150
Rhea's Crater-Vanquish,Rhea's Crater,Vanquish,https://wiki.guildwars.com/wiki/Rhea%27s_Crater_(Zaishen_vanquish),Factions,TRUE,The Jade Sea,The Jade Sea,"10,000","1,500","7,000",Luxon Faction,150,,,150
Silent Surf-Vanquish,Silent Surf,Vanquish,https://wiki.guildwars.com/wiki/Silent_Surf_(Zaishen_vanquish),Factions,TRUE,The Jade Sea,The Jade Sea,"10,000","1,500","7,000",Luxon Faction,150,,,150
Unwaking Waters-Vanquish,Unwaking Waters,Vanquish,https://wiki.guildwars.com/wiki/Unwaking_Waters_(Zaishen_vanquish),Factions,TRUE,The Jade Sea,The Jade Sea,"10,000","1,500","7,000",Luxon Faction,150,,,150
Mount Qinkai-Vanquish,Mount Qinkai,Vanquish,https://wiki.guildwars.com/wiki/Mount_Qinkai_(Zaishen_vanquish),Factions,TRUE,The Jade Sea,The Jade Sea,"10,000","1,500","7,000",Luxon Faction,150,,,150
Archipelagos-Vanquish,Archipelagos,Vanquish,https://wiki.guildwars.com/wiki/Archipelagos_(Zaishen_vanquish),Factions,TRUE,The Jade Sea,The Jade Sea,"10,000","1,500","7,000",Luxon Faction,150,,,150
Boreas Seabed-Vanquish,Boreas Seabed,Vanquish,https://wiki.guildwars.com/wiki/Boreas_Seabed_(Zaishen_vanquish),Factions,TRUE,The Jade Sea,The Jade Sea,"10,000","1,500","7,000",Luxon Faction,150,,,150
Gyala Hatchery-Vanquish,Gyala Hatchery,Vanquish,https://wiki.guildwars.com/wiki/Gyala_Hatchery_(Zaishen_vanquish),Factions,TRUE,The Jade Sea,The Jade Sea,"10,000","1,500","7,000",Luxon Faction,150,,,150
The Alkali Pan-Vanquish,The Alkali Pan,Vanquish,https://wiki.guildwars.com/wiki/The_Alkali_Pan_(Zaishen_vanquish),Nightfall,TRUE,Desolation,Desolation,"15,000","2,000","1,000",Lightbringer Points,250,,,250
The Shattered Ravines-Vanquish,The Shattered Ravines,Vanquish,https://wiki.guildwars.com/wiki/The_Shattered_Ravines_(Zaishen_vanquish),Nightfall,TRUE,Desolation,Desolation,"15,000","2,000","1,000",Lightbringer Points,250,,,250
The Sulfurous Wastes-Vanquish,The Sulfurous Wastes,Vanquish,https://wiki.guildwars.com/wiki/The_Sulfurous_Wastes_(Zaishen_vanquish),Nightfall,TRUE,Desolation,Desolation,"15,000","2,000","1,000",Lightbringer Points,250,,,250
Poisoned Outcrops-Vanquish,Poisoned Outcrops,Vanquish,https://wiki.guildwars.com/wiki/Poisoned_Outcrops_(Zaishen_vanquish),Nightfall,TRUE,Desolation,Desolation,"15,000","2,000","1,000",Lightbringer Points,250,,,250
Joko's Domain-Vanquish,Joko's Domain,Vanquish,https://wiki.guildwars.com/wiki/Joko%27s_Domain_(Zaishen_vanquish),Nightfall,TRUE,Desolation,Desolation,"15,000","2,000","1,000",Lightbringer Points,250,,,250
The Ruptured Heart-Vanquish,The Ruptured Heart,Vanquish,https://wiki.guildwars.com/wiki/The_Ruptured_Heart_(Zaishen_vanquish),Nightfall,TRUE,Desolation,Desolation,"10,000","1,500","1,000",Lightbringer Points,150,,,150
Crystal Overlook-Vanquish,Crystal Overlook,Vanquish,https://wiki.guildwars.com/wiki/Crystal_Overlook_(Zaishen_vanquish),Nightfall,TRUE,Desolation,Desolation,"10,000","1,500","1,000",Lightbringer Points,150,,,150
Lahtenda Bog-Vanquish,Lahtenda Bog,Vanquish,https://wiki.guildwars.com/wiki/Lahtenda_Bog_(Zaishen_vanquish),Nightfall,TRUE,Istan,Istan,"15,000","2,000","1,000",Sunspear Promotion Points,250,,,250
Issnur Isles-Vanquish,Issnur Isles,Vanquish,https://wiki.guildwars.com/wiki/Issnur_Isles_(Zaishen_vanquish),Nightfall,TRUE,Istan,Istan,"10,000","1,500",750,Sunspear Promotion Points,150,,,150
Mehtani Keys-Vanquish,Mehtani Keys,Vanquish,https://wiki.guildwars.com/wiki/Mehtani_Keys_(Zaishen_vanquish),Nightfall,TRUE,Istan,Istan,"10,000","1,500",750,Sunspear Promotion Points,150,,,150
Plains of Jarin-Vanquish,Plains of Jarin,Vanquish,https://wiki.guildwars.com/wiki/Plains_of_Jarin_(Zaishen_vanquish),Nightfall,TRUE,Istan,Istan,"10,000","1,500",750,Sunspear Promotion Points,150,,,150
Zehlon Reach-Vanquish,Zehlon Reach,Vanquish,https://wiki.guildwars.com/wiki/Zehlon_Reach_(Zaishen_vanquish),Nightfall,TRUE,Istan,Istan,"5,000","1,000",750,Sunspear Promotion Points,50,,,50
Cliffs of Dohjok-Vanquish,Cliffs of Dohjok,Vanquish,https://wiki.guildwars.com/wiki/Cliffs_of_Dohjok_(Zaishen_vanquish),Nightfall,TRUE,Istan,Istan,"5,000","1,000",500,Sunspear Promotion Points,50,,,50
"Fahranur, the First City-Vanquish","Fahranur, the First City",Vanquish,"https://wiki.guildwars.com/wiki/Fahranur,_the_First_City_(Zaishen_vanquish)",Nightfall,TRUE,Istan,Istan,"5,000","1,000",500,Sunspear Promotion Points,50,,,50
Jahai Bluffs-Vanquish,Jahai Bluffs,Vanquish,https://wiki.guildwars.com/wiki/Jahai_Bluffs_(Zaishen_vanquish),Nightfall,TRUE,Kourna,Kourna,"15,000","2,000","1,000",Sunspear Promotion Points,250,,,250
Turai's Procession-Vanquish,Turai's Procession,Vanquish,https://wiki.guildwars.com/wiki/Turai%27s_Procession_(Zaishen_vanquish),Nightfall,TRUE,Kourna,Kourna,"15,000","2,000","1,000",Sunspear Promotion Points,250,,,250
Marga Coast-Vanquish,Marga Coast,Vanquish,https://wiki.guildwars.com/wiki/Marga_Coast_(Zaishen_vanquish),Nightfall,TRUE,Kourna,Kourna,"15,000","2,000","1,000",Sunspear Promotion Points,250,,,250
The Floodplain of Mahnkelon-Vanquish,The Floodplain of Mahnkelon,Vanquish,https://wiki.guildwars.com/wiki/The_Floodplain_of_Mahnkelon_(Zaishen_vanquish),Nightfall,TRUE,Kourna,Kourna,"10,000","1,500",750,Sunspear Promotion Points,150,,,150
Sunward Marches-Vanquish,Sunward Marches,Vanquish,https://wiki.guildwars.com/wiki/Sunward_Marches_(Zaishen_vanquish),Nightfall,TRUE,Kourna,Kourna,"10,000","1,500",750,Sunspear Promotion Points,150,,,150
Arkjok Ward-Vanquish,Arkjok Ward,Vanquish,https://wiki.guildwars.com/wiki/Arkjok_Ward_(Zaishen_vanquish),Nightfall,TRUE,Kourna,Kourna,"10,000","1,500",750,Sunspear Promotion Points,150,,,150
Bahdok Caverns-Vanquish,Bahdok Caverns,Vanquish,https://wiki.guildwars.com/wiki/Bahdok_Caverns_(Zaishen_vanquish),Nightfall,TRUE,Kourna,Kourna,"10,000","1,500",750,Sunspear Promotion Points,150,,,150
Dejarin Estate-Vanquish,Dejarin Estate,Vanquish,https://wiki.guildwars.com/wiki/Dejarin_Estate_(Zaishen_vanquish),Nightfall,TRUE,Kourna,Kourna,"10,000","1,500",750,Sunspear Promotion Points,150,,,150
Barbarous Shore-Vanquish,Barbarous Shore,Vanquish,https://wiki.guildwars.com/wiki/Barbarous_Shore_(Zaishen_vanquish),Nightfall,TRUE,Kourna,Kourna,"10,000","1,500",750,Sunspear Promotion Points,150,,,150
"Gandara, the Moon Fortress-Vanquish","Gandara, the Moon Fortress",Vanquish,"https://wiki.guildwars.com/wiki/Gandara,_the_Moon_Fortress_(Zaishen_vanquish)",Nightfall,TRUE,Kourna,Kourna,"5,000","1,000",500,Sunspear Promotion Points,50,,,50
Holdings of Chokhin-Vanquish,Holdings of Chokhin,Vanquish,https://wiki.guildwars.com/wiki/Holdings_of_Chokhin_(Zaishen_vanquish),Nightfall,TRUE,Vabbi,Vabbi,"10,000","1,500",750,Sunspear Promotion Points,150,,,150
The Hidden City of Ahdashim-Vanquish,The Hidden City of Ahdashim,Vanquish,https://wiki.guildwars.com/wiki/The_Hidden_City_of_Ahdashim_(Zaishen_vanquish),Nightfall,TRUE,Vabbi,Vabbi,"10,000","1,500",750,Sunspear Promotion Points,150,,,150
The Mirror of Lyss-Vanquish,The Mirror of Lyss,Vanquish,https://wiki.guildwars.com/wiki/The_Mirror_of_Lyss_(Zaishen_vanquish),Nightfall,TRUE,Vabbi,Vabbi,"10,000","1,500",750,Sunspear Promotion Points,150,,,150
Vehjin Mines-Vanquish,Vehjin Mines,Vanquish,https://wiki.guildwars.com/wiki/Vehjin_Mines_(Zaishen_vanquish),Nightfall,TRUE,Vabbi,Vabbi,"10,000","1,500",750,Sunspear Promotion Points,150,,,150
Resplendent Makuun-Vanquish,Resplendent Makuun,Vanquish,https://wiki.guildwars.com/wiki/Resplendent_Makuun_(Zaishen_vanquish),Nightfall,TRUE,Vabbi,Vabbi,"10,000","1,500",750,Sunspear Promotion Points,150,,,150
Yatendi Canyons-Vanquish,Yatendi Canyons,Vanquish,https://wiki.guildwars.com/wiki/Yatendi_Canyons_(Zaishen_vanquish),Nightfall,TRUE,Vabbi,Vabbi,"10,000","1,500",750,Sunspear Promotion Points,150,,,150
Wilderness of Bahdza-Vanquish,Wilderness of Bahdza,Vanquish,https://wiki.guildwars.com/wiki/Wilderness_of_Bahdza_(Zaishen_vanquish),Nightfall,TRUE,Vabbi,Vabbi,"10,000","1,500",750,Sunspear Promotion Points,150,,,150
Vehtendi Valley-Vanquish,Vehtendi Valley,Vanquish,https://wiki.guildwars.com/wiki/Vehtendi_Valley_(Zaishen_vanquish),Nightfall,TRUE,Vabbi,Vabbi,"10,000","1,500",750,Sunspear Promotion Points,150,,,150
Forum Highlands-Vanquish,Forum Highlands,Vanquish,https://wiki.guildwars.com/wiki/Forum_Highlands_(Zaishen_vanquish),Nightfall,TRUE,Vabbi,Vabbi,"10,000","1,500","3,500",Sunspear Promotion Points,150,,,150
Garden of Seborhin-Vanquish,Garden of Seborhin,Vanquish,https://wiki.guildwars.com/wiki/Garden_of_Seborhin_(Zaishen_vanquish),Nightfall,TRUE,Vabbi,Vabbi,"10,000","1,500",750,Sunspear Promotion Points,150,,,150
Dragon's Gullet-Vanquish,Dragon's Gullet,Vanquish,https://wiki.guildwars.com/wiki/Dragon%27s_Gullet_(Zaishen_vanquish),Prophecies,TRUE,Ascalon,Ascalon,"15,000","2,000",,,250,,,250
Old Ascalon-Vanquish,Old Ascalon,Vanquish,https://wiki.guildwars.com/wiki/Old_Ascalon_(Zaishen_vanquish),Prophecies,TRUE,Ascalon,Ascalon,"10,000","1,500",,,150,,,150
The Breach-Vanquish,The Breach,Vanquish,https://wiki.guildwars.com/wiki/The_Breach_(Zaishen_vanquish),Prophecies,TRUE,Ascalon,Ascalon,"10,000","1,500",,,150,,,150
Eastern Frontier-Vanquish,Eastern Frontier,Vanquish,https://wiki.guildwars.com/wiki/Eastern_Frontier_(Zaishen_vanquish),Prophecies,TRUE,Ascalon,Ascalon,"10,000","1,000",,,150,,,150
Diessa Lowlands-Vanquish,Diessa Lowlands,Vanquish,https://wiki.guildwars.com/wiki/Diessa_Lowlands_(Zaishen_vanquish),Prophecies,TRUE,Ascalon,Ascalon,"10,000","1,500",,,150,,,150
Pockmark Flats-Vanquish,Pockmark Flats,Vanquish,https://wiki.guildwars.com/wiki/Pockmark_Flats_(Zaishen_vanquish),Prophecies,TRUE,Ascalon,Ascalon,"5,000","1,000",,,50,,,50
Regent Valley-Vanquish,Regent Valley,Vanquish,https://wiki.guildwars.com/wiki/Regent_Valley_(Zaishen_vanquish),Prophecies,TRUE,Ascalon,Ascalon,"5,000","1,000",,,50,,,50
Ascalon Foothills-Vanquish,Ascalon Foothills,Vanquish,https://wiki.guildwars.com/wiki/Ascalon_Foothills_(Zaishen_vanquish),Prophecies,TRUE,Ascalon,Ascalon,"5,000","1,000",,,50,,,50
Flame Temple Corridor-Vanquish,Flame Temple Corridor,Vanquish,https://wiki.guildwars.com/wiki/Flame_Temple_Corridor_(Zaishen_vanquish),Prophecies,TRUE,Ascalon,Ascalon,"5,000","1,000",,,50,,,50
Prophet's Path-Vanquish,Prophet's Path,Vanquish,https://wiki.guildwars.com/wiki/Prophet%27s_Path_(Zaishen_vanquish),Prophecies,TRUE,Crystal Desert,Crystal Desert,"15,000","2,000",,,250,,,250
The Scar-Vanquish,The Scar,Vanquish,https://wiki.guildwars.com/wiki/The_Scar_(Zaishen_vanquish),Prophecies,TRUE,Crystal Desert,Crystal Desert,"15,000","2,000",,,250,,,250
Salt Flats-Vanquish,Salt Flats,Vanquish,https://wiki.guildwars.com/wiki/Salt_Flats_(Zaishen_vanquish),Prophecies,TRUE,Crystal Desert,Crystal Desert,"10,000","1,500",,,150,,,150
The Arid Sea-Vanquish,The Arid Sea,Vanquish,https://wiki.guildwars.com/wiki/The_Arid_Sea_(Zaishen_vanquish),Prophecies,TRUE,Crystal Desert,Crystal Desert,"10,000","1,500",,,150,,,150
Skyward Reach-Vanquish,Skyward Reach,Vanquish,https://wiki.guildwars.com/wiki/Skyward_Reach_(Zaishen_vanquish),Prophecies,TRUE,Crystal Desert,Crystal Desert,"10,000","1,500",,,150,,,150
Vulture Drifts-Vanquish,Vulture Drifts,Vanquish,https://wiki.guildwars.com/wiki/Vulture_Drifts_(Zaishen_vanquish),Prophecies,TRUE,Crystal Desert,Crystal Desert,"10,000","1,500",,,150,,,150
Diviner's Ascent-Vanquish,Diviner's Ascent,Vanquish,https://wiki.guildwars.com/wiki/Diviner%27s_Ascent_(Zaishen_vanquish),Prophecies,TRUE,Crystal Desert,Crystal Desert,"5,000","1,000",,,50,,,50
Kessex Peak-Vanquish,Kessex Peak,Vanquish,https://wiki.guildwars.com/wiki/Kessex_Peak_(Zaishen_vanquish),Prophecies,TRUE,Kryta,Kryta,"10,000","1,500",,,150,,,150
Majesty's Rest-Vanquish,Majesty's Rest,Vanquish,https://wiki.guildwars.com/wiki/Majesty%27s_Rest_(Zaishen_vanquish),Prophecies,TRUE,Kryta,Kryta,"10,000","1,500",,,150,,,150
Nebo Terrace-Vanquish,Nebo Terrace,Vanquish,https://wiki.guildwars.com/wiki/Nebo_Terrace_(Zaishen_vanquish),Prophecies,TRUE,Kryta,Kryta,"10,000","1,500",,,150,,,150
North Kryta Province-Vanquish,North Kryta Province,Vanquish,https://wiki.guildwars.com/wiki/North_Kryta_Province_(Zaishen_vanquish),Prophecies,TRUE,Kryta,Kryta,"10,000","1,500",,,150,,,150
Stingray Strand-Vanquish,Stingray Strand,Vanquish,https://wiki.guildwars.com/wiki/Stingray_Strand_(Zaishen_vanquish),Prophecies,TRUE,Kryta,Kryta,"10,000","1,500",,,150,,,150
Twin Serpent Lakes-Vanquish,Twin Serpent Lakes,Vanquish,https://wiki.guildwars.com/wiki/Twin_Serpent_Lakes_(Zaishen_vanquish),Prophecies,TRUE,Kryta,Kryta,"10,000","1,500",,,150,,,150
The Black Curtain-Vanquish,The Black Curtain,Vanquish,https://wiki.guildwars.com/wiki/The_Black_Curtain_(Zaishen_vanquish),Prophecies,TRUE,Kryta,Kryta,"10,000","1,500",,,150,,,150
Talmark Wilderness-Vanquish,Talmark Wilderness,Vanquish,https://wiki.guildwars.com/wiki/Talmark_Wilderness_(Zaishen_vanquish),Prophecies,TRUE,Kryta,Kryta,"10,000","1,500",,,150,,,150
Scoundrel's Rise-Vanquish,Scoundrel's Rise,Vanquish,https://wiki.guildwars.com/wiki/Scoundrel%27s_Rise_(Zaishen_vanquish),Prophecies,TRUE,Kryta,Kryta,"5,000","1,000",,,50,,,50
Cursed Lands-Vanquish,Cursed Lands,Vanquish,https://wiki.guildwars.com/wiki/Cursed_Lands_(Zaishen_vanquish),Prophecies,TRUE,Kryta,Kryta,"5,000","1,000",,,50,,,50
Watchtower Coast-Vanquish,Watchtower Coast,Vanquish,https://wiki.guildwars.com/wiki/Watchtower_Coast_(Zaishen_vanquish),Prophecies,TRUE,Kryta,Kryta,"5,000","1,000",,,50,,,50
Tears of the Fallen-Vanquish,Tears of the Fallen,Vanquish,https://wiki.guildwars.com/wiki/Tears_of_the_Fallen_(Zaishen_vanquish),Prophecies,TRUE,Kryta,Kryta,"5,000","1,000",,,50,,,50
The Falls-Vanquish,The Falls,Vanquish,https://wiki.guildwars.com/wiki/The_Falls_(Zaishen_vanquish),Prophecies,TRUE,Maguuma Jungle,Maguuma Jungle,"15,000","2,000",,,250,,,250
Sage Lands-Vanquish,Sage Lands,Vanquish,https://wiki.guildwars.com/wiki/Sage_Lands_(Zaishen_vanquish),Prophecies,TRUE,Maguuma Jungle,Maguuma Jungle,"10,000","1,500",,,150,,,150
Tangle Root-Vanquish,Tangle Root,Vanquish,https://wiki.guildwars.com/wiki/Tangle_Root_(Zaishen_vanquish),Prophecies,TRUE,Maguuma Jungle,Maguuma Jungle,"10,000","1,500",,,150,,,150
Silverwood-Vanquish,Silverwood,Vanquish,https://wiki.guildwars.com/wiki/Silverwood_(Zaishen_vanquish),Prophecies,TRUE,Maguuma Jungle,Maguuma Jungle,"10,000","1,500",,,150,,,150
Mamnoon Lagoon-Vanquish,Mamnoon Lagoon,Vanquish,https://wiki.guildwars.com/wiki/Mamnoon_Lagoon_(Zaishen_vanquish),Prophecies,TRUE,Maguuma Jungle,Maguuma Jungle,"5,000","1,000",,,50,,,50
Reed Bog-Vanquish,Reed Bog,Vanquish,https://wiki.guildwars.com/wiki/Reed_Bog_(Zaishen_vanquish),Prophecies,TRUE,Maguuma Jungle,Maguuma Jungle,"5,000","1,000",,,50,,,50
Dry Top-Vanquish,Dry Top,Vanquish,https://wiki.guildwars.com/wiki/Dry_Top_(Zaishen_vanquish),Prophecies,TRUE,Maguuma Jungle,Maguuma Jungle,"5,000","1,000",,,50,,,50
Ettin's Back-Vanquish,Ettin's Back,Vanquish,https://wiki.guildwars.com/wiki/Ettin%27s_Back_(Zaishen_vanquish),Prophecies,TRUE,Maguuma Jungle,Maguuma Jungle,"5,000","1,000",,,50,,,50
Iron Horse Mine-Vanquish,Iron Horse Mine,Vanquish,https://wiki.guildwars.com/wiki/Iron_Horse_Mine_(Zaishen_vanquish),Prophecies,TRUE,Northern Shiverpeaks,Northern Shiverpeaks,"10,000","1,500",,,150,,,150
Traveler's Vale-Vanquish,Traveler's Vale,Vanquish,https://wiki.guildwars.com/wiki/Traveler%27s_Vale_(Zaishen_vanquish),Prophecies,TRUE,Northern Shiverpeaks,Northern Shiverpeaks,"10,000","1,500",,,150,,,150
Anvil Rock-Vanquish,Anvil Rock,Vanquish,https://wiki.guildwars.com/wiki/Anvil_Rock_(Zaishen_vanquish),Prophecies,TRUE,Northern Shiverpeaks,Northern Shiverpeaks,"10,000","1,500",,,150,,,150
Deldrimor Bowl-Vanquish,Deldrimor Bowl,Vanquish,https://wiki.guildwars.com/wiki/Deldrimor_Bowl_(Zaishen_vanquish),Prophecies,TRUE,Northern Shiverpeaks,Northern Shiverpeaks,"10,000","1,500",,,150,,,150
Griffon's Mouth-Vanquish,Griffon's Mouth,Vanquish,https://wiki.guildwars.com/wiki/Griffon%27s_Mouth_(Zaishen_vanquish),Prophecies,TRUE,Northern Shiverpeaks,Northern Shiverpeaks,"5,000","1,000",,,50,,,50
Perdition Rock-Vanquish,Perdition Rock,Vanquish,https://wiki.guildwars.com/wiki/Perdition_Rock_(Zaishen_vanquish),Prophecies,TRUE,Ring of Fire Islands,Ring of Fire Islands,"15,000","2,000",,,250,,,250
Icedome-Vanquish,Icedome,Vanquish,https://wiki.guildwars.com/wiki/Icedome_(Zaishen_vanquish),Prophecies,TRUE,Southern Shiverpeaks,Southern Shiverpeaks,"15,000","2,000",,,250,,,250
Lornar's Pass-Vanquish,Lornar's Pass,Vanquish,https://wiki.guildwars.com/wiki/Lornar%27s_Pass_(Zaishen_vanquish),Prophecies,TRUE,Southern Shiverpeaks,Southern Shiverpeaks,"15,000","2,000",,,250,,,250
Snake Dance-Vanquish,Snake Dance,Vanquish,https://wiki.guildwars.com/wiki/Snake_Dance_(Zaishen_vanquish),Prophecies,TRUE,Southern Shiverpeaks,Southern Shiverpeaks,"15,000","2,000",,,250,,,250
Talus Chute-Vanquish,Talus Chute,Vanquish,https://wiki.guildwars.com/wiki/Talus_Chute_(Zaishen_vanquish),Prophecies,TRUE,Southern Shiverpeaks,Southern Shiverpeaks,"15,000","2,000",,,250,,,250
Mineral Springs-Vanquish,Mineral Springs,Vanquish,https://wiki.guildwars.com/wiki/Mineral_Springs_(Zaishen_vanquish),Prophecies,TRUE,Southern Shiverpeaks,Southern Shiverpeaks,"15,000","2,000",,,250,,,250
Dreadnought's Drift-Vanquish,Dreadnought's Drift,Vanquish,https://wiki.guildwars.com/wiki/Dreadnought%27s_Drift_(Zaishen_vanquish),Prophecies,TRUE,Southern Shiverpeaks,Southern Shiverpeaks,"15,000","2,000",,,250,,,250
Ice Floe-Vanquish,Ice Floe,Vanquish,https://wiki.guildwars.com/wiki/Ice_Floe_(Zaishen_vanquish),Prophecies,TRUE,Southern Shiverpeaks,Southern Shiverpeaks,"10,000","1,500",,,150,,,150
Spearhead Peak-Vanquish,Spearhead Peak,Vanquish,https://wiki.guildwars.com/wiki/Spearhead_Peak_(Zaishen_vanquish),Prophecies,TRUE,Southern Shiverpeaks,Southern Shiverpeaks,"10,000","1,500",,,150,,,150
Frozen Forest-Vanquish,Frozen Forest,Vanquish,https://wiki.guildwars.com/wiki/Frozen_Forest_(Zaishen_vanquish),Prophecies,TRUE,Southern Shiverpeaks,Southern Shiverpeaks,"10,000","1,500",,,150,,,150
Grenth's Footprint-Vanquish,Grenth's Footprint,Vanquish,https://wiki.guildwars.com/wiki/Grenth%27s_Footprint_(Zaishen_vanquish),Prophecies,TRUE,Southern Shiverpeaks,Southern Shiverpeaks,"10,000","1,500",,,150,,,150
Tasca's Demise-Vanquish,Tasca's Demise,Vanquish,https://wiki.guildwars.com/wiki/Tasca%27s_Demise_(Zaishen_vanquish),Prophecies,TRUE,Southern Shiverpeaks,Southern Shiverpeaks,"5,000","1,000",,,50,,,50
Witman's Folly-Vanquish,Witman's Folly,Vanquish,https://wiki.guildwars.com/wiki/Witman%27s_Folly_(Zaishen_vanquish),Prophecies,TRUE,Southern Shiverpeaks,Southern Shiverpeaks,"10,000","1,500",,,50,,,50